uid,email,password,apiKey,secretKey
1009775195,jean1@gmail.com,12b0050183c01e977b9aaae64aae3f1d,87a9d7a60e6eca13851d4f41f4e029c0,3396fcc325cd68317344076c14e314e1
1009775196,jean2@gmail.com,12b0050183c01e977b9aaae64aae3f1d,29bb96efd757c5e8413c322892295d5f,b713c6e89919c7c6199eca7f5799935a
1009775197,jean3@gmail.com,12b0050183c01e977b9aaae64aae3f1d,1932e3e24c04d7cd4bdbfca829df69b0,f41cd1de67356b6b769f69f34430d4a8
1009775198,jean4@gmail.com,12b0050183c01e977b9aaae64aae3f1d,8a1c43982564ec77b5bac1646484425e,332d0651b12ce0ab4838a813c4dbafb8
1009775199,jean5@gmail.com,12b0050183c01e977b9aaae64aae3f1d,61b9c74b47b2b590dfe74d6e0435417c,221cbbc1e51adc76557a6e10c3ee7ff0
1009775200,jean6@gmail.com,12b0050183c01e977b9aaae64aae3f1d,75686ff819961c3cf8a40ddc306ddeed,06de49787af172eb05a8d1f57566f4fa
1009775201,jean7@gmail.com,12b0050183c01e977b9aaae64aae3f1d,f63709c94f0184d53705b2a8a696b58b,51102c4ceb73b144f561d700873288f6
1009775202,jean8@gmail.com,12b0050183c01e977b9aaae64aae3f1d,7c713cb4b167927b4a184b7472131973,f2c0c5d59f0279179f868ba4314adb54
1009775203,jean9@gmail.com,12b0050183c01e977b9aaae64aae3f1d,d42ad4f3dfbc64460222c1243d2008cf,d5e47dae638db555cd072ec06b46037b
1009775204,jean10@gmail.com,12b0050183c01e977b9aaae64aae3f1d,0e2411577f162ea2374a3e6fb0bc03d2,4ed2ee5cb2077184681e6a371cbf3f7d
1009775205,jean11@gmail.com,12b0050183c01e977b9aaae64aae3f1d,81df58580ac1974b59c4c61e07c3c1b7,191e0fcba198464dfc68dfb6e079e6a3
1009775206,jean12@gmail.com,12b0050183c01e977b9aaae64aae3f1d,a72c4fbbc592dfd2ebe3d94ada2164d6,8df8dd6741ed1261c5242057a615988a
1009775207,jean13@gmail.com,12b0050183c01e977b9aaae64aae3f1d,e74c79cc6f4caafd9c25ef1a9fdc48b8,302874934d228e802128dc864495d6a3
1009775208,jean14@gmail.com,12b0050183c01e977b9aaae64aae3f1d,ccbfa83d4c3df881b48c117bfeb233e4,dfe1f000d044ea21953ddc1d3daece01
1009775209,jean15@gmail.com,12b0050183c01e977b9aaae64aae3f1d,1af9acbff0976d5bb1f0736e0f82b656,b7c5ced9f29f9dc0f1901de62f04052d
1009775210,jean16@gmail.com,12b0050183c01e977b9aaae64aae3f1d,702fb73be6aed4e307d93dab19a8b320,aaabfec86f8823506b4cd3b1113321d1
1009775211,jean17@gmail.com,12b0050183c01e977b9aaae64aae3f1d,a9301e5bdf1fd8e5111e98021bcd532a,f73de5ec8d38a58e8a139386ac080f77
1009775212,jean18@gmail.com,12b0050183c01e977b9aaae64aae3f1d,aba24c3e9799dc8736987aad5cc11b3c,49b5223126275d21bef6423b4283e261
1009775213,jean19@gmail.com,12b0050183c01e977b9aaae64aae3f1d,8b8c6096f5b096d60e84a7b60f28c485,03c778de4e04df8240218691bb0a1aa1
1009775214,jean20@gmail.com,12b0050183c01e977b9aaae64aae3f1d,7de3836c402eb93e6b1d67be19cc5d7f,3ed48b9dc9405b1b0e6c3b1a9720a0d1
1009775215,jean21@gmail.com,12b0050183c01e977b9aaae64aae3f1d,d252c91b8ec55d89d9ad8cc8092ba5a9,1ffb5cd27d97bd147f63c72b857f8e8d
1009775216,jean22@gmail.com,12b0050183c01e977b9aaae64aae3f1d,e60a026cfb2314a80e20199a353ae5ce,97241fcf9d136135bf665f40a86638fa
1009775217,jean23@gmail.com,12b0050183c01e977b9aaae64aae3f1d,86cd9552500f090d966b2e6a7383d414,faf3675c4cfabf06ca0ae45df3c583cd
1009775218,jean24@gmail.com,12b0050183c01e977b9aaae64aae3f1d,62a575fda1339e454d6cb02aa03b21b9,c0bf7965fb3029b4720396e4bd847ee9
1009775219,jean25@gmail.com,12b0050183c01e977b9aaae64aae3f1d,12e8cbbcecdf438b590d448d1c8ef3d0,dbca2a4cf10dff29cbcfd93e27f7d835
1009775220,jean26@gmail.com,12b0050183c01e977b9aaae64aae3f1d,f44cd933d08252b8052c2bddb72803e4,4e66350a1cf51c5c2d40b84650415e24
1009775221,jean27@gmail.com,12b0050183c01e977b9aaae64aae3f1d,556da22f240276b3311c952986a5047c,2863e96942fd916d52f96da02ef62418
1009775222,jean28@gmail.com,12b0050183c01e977b9aaae64aae3f1d,e7d7757ed4c85a59fa5699c6a98f54e8,52fab5db283573d8aa1a82ddec4a61d9
1009775223,jean29@gmail.com,12b0050183c01e977b9aaae64aae3f1d,ca22a7d110a2243ce6c06c2672b832f3,6ec104c98950c57666ff35353f7cbc56
1009775224,jean30@gmail.com,12b0050183c01e977b9aaae64aae3f1d,cefdeff9b1ba9da9f3e8e4cc7b3624b5,ae9b2be48f64a5aa73d26a8fa7fc2521
1009775225,jean31@gmail.com,12b0050183c01e977b9aaae64aae3f1d,a31677e37952e02bc33ed8cecd2467ff,21bb6ee38aed963ee23649e52d5bface
1009775226,jean32@gmail.com,12b0050183c01e977b9aaae64aae3f1d,1bd5b554600833479bd9fda2716be167,9c1d5538d3ad52fbce54d0cd38105401
1009775227,jean33@gmail.com,12b0050183c01e977b9aaae64aae3f1d,311dbbd6e3dfd89a59c99a1d13f5b206,b59ed02079fd8092424b9f8aa6b2824d
1009775228,jean34@gmail.com,12b0050183c01e977b9aaae64aae3f1d,343a37cda46aa9976aee458553d15dae,0a810a890bc2ab3bf82ac654f56d86c3
1009775229,jean35@gmail.com,12b0050183c01e977b9aaae64aae3f1d,916576a387a3a5114bd5a7d3c6b28293,d5c282b874d754363271cbbad47c5129
1009775230,jean36@gmail.com,12b0050183c01e977b9aaae64aae3f1d,6c6a77071adbd90c04437537c03e80c1,7c5a20fd59f3ef826328ea3e24b8fd46
1009775231,jean37@gmail.com,12b0050183c01e977b9aaae64aae3f1d,2b89959768530af8bac73ec6cec07347,bac7501071b6c69e2324a8e4d935f1f7
1009775232,jean38@gmail.com,12b0050183c01e977b9aaae64aae3f1d,36bd4faea10d17774b7c4a293b36055e,78340a819fe80b71dc411756ce8aa2ba
1009775233,jean39@gmail.com,12b0050183c01e977b9aaae64aae3f1d,bf6dc1a25e34d11cefa420e2a4048f66,7b62901b35b5108b5de243fe4c6e1858
1009775234,jean40@gmail.com,12b0050183c01e977b9aaae64aae3f1d,5bddbdb3349c1c859e0328984cbb96bb,9a4f1af9fe77bd6f4153c1f782b6b06e
1009775235,jean41@gmail.com,12b0050183c01e977b9aaae64aae3f1d,3adeb2cf8ac6562c0a15bb3c39de681f,b6dd42328a88e21e30b6e5b40943263e
1009775236,jean42@gmail.com,12b0050183c01e977b9aaae64aae3f1d,1f18ff2e5b16320301ed8c8890018a5e,105813a92827348bf8e62dd5af68fd8c
1009775237,jean43@gmail.com,12b0050183c01e977b9aaae64aae3f1d,be3a4a284d3ac3b80d608c2e7184f45f,9c3269a21d9f7e3bf19693010e9ee168
1009775238,jean44@gmail.com,12b0050183c01e977b9aaae64aae3f1d,4d1d1b2d2b11b4f2cf31889408924109,37a68ae0fa7f0be2112bf3206054a457
1009775239,jean45@gmail.com,12b0050183c01e977b9aaae64aae3f1d,4c7398b3ce8c5c68b8564b007b7a5d20,d5e52533f9b3ec09832453a63b644116
1009775240,jean46@gmail.com,12b0050183c01e977b9aaae64aae3f1d,a9986f731599c948d1caf0960a7b634c,54a814045fb3aea0853582a0ab119875
1009775241,jean47@gmail.com,12b0050183c01e977b9aaae64aae3f1d,8a12c4a043a0d5ff5b0ed1ab7b9cd845,618f3fa33f7052e293ba6744c4b0be5e
1009775242,jean48@gmail.com,12b0050183c01e977b9aaae64aae3f1d,8c38906889578d3e4707b4b85c824c62,050460c64e0b89583ce5eacbd1f4fa9c
1009775243,jean49@gmail.com,12b0050183c01e977b9aaae64aae3f1d,3a4a4a79d76464a050389f9cb64db346,102093308d90cdb5859c34f30622468f
1009775244,jean50@gmail.com,12b0050183c01e977b9aaae64aae3f1d,edd29ab97659621b1e6fc34e156179e9,e1940979b015509758895ef8701bdb41
1009775245,jean51@gmail.com,12b0050183c01e977b9aaae64aae3f1d,960061f68a326a2c71537b6b46fcb124,2717bf85028cfe0d200a658d25d27e7b
1009775246,jean52@gmail.com,12b0050183c01e977b9aaae64aae3f1d,a8adfa7c753340d8b5076a5ef4f76442,256d4b3424903565fda6cf2807c5fdc5
1009775247,jean53@gmail.com,12b0050183c01e977b9aaae64aae3f1d,fdcac48592afca542a3901dd381e50fa,8386e56f77072a96a0585cc4e3f66cda
1009775248,jean54@gmail.com,12b0050183c01e977b9aaae64aae3f1d,4e85ef24066bbf259973c7a2ab0fefa0,3ca79a490a47f20f0741a16411f49df5
1009775249,jean55@gmail.com,12b0050183c01e977b9aaae64aae3f1d,6bc7d1c3bf7d96a9a605221e6685f9c0,7556f04b0502567c48f24dd275f06f68
1009775250,jean56@gmail.com,12b0050183c01e977b9aaae64aae3f1d,c83d892d02ee1dae9fca59082b30f4a7,089e530a3cc43ae34e09883c74ed6fe2
1009775251,jean57@gmail.com,12b0050183c01e977b9aaae64aae3f1d,b81c4a260c9677a89a2135495aacfd72,eda12d980197afc76fca1309659c8780
1009775252,jean58@gmail.com,12b0050183c01e977b9aaae64aae3f1d,a01ad3723b5e27eb0c754f2e030c87b1,3c71d1f53ee6d4af53c8c0bfd1eb6902
1009775253,jean59@gmail.com,12b0050183c01e977b9aaae64aae3f1d,f4cb61887044f8b13b389b1a12aa68d0,4b7173bd0119dc9e57cfaaaef5f46be7
1009775254,jean60@gmail.com,12b0050183c01e977b9aaae64aae3f1d,aa1f2f2b77681935175ebaa3388a6998,3e378bb049f9cda4ce1a9ad8643ab2e2
1009775255,jean61@gmail.com,12b0050183c01e977b9aaae64aae3f1d,af2d3b70cd052a70c366402eec1b39c0,e0fd0c5ef6837efe455537002c943ab4
1009775256,jean62@gmail.com,12b0050183c01e977b9aaae64aae3f1d,c4be7d6e6e0a023bfc3874f8235d9ec9,b6fa97c46e0f28865aa779c1628a25de
1009775257,jean63@gmail.com,12b0050183c01e977b9aaae64aae3f1d,c82b0a12d57dae14e01578d95f28cd2b,65987c0bd3e15527c6d6488ee65ddaff
1009775258,jean64@gmail.com,12b0050183c01e977b9aaae64aae3f1d,7b7fe25926382cd23665c2a0ddf4bcc7,35a7eaa6ace31cb763b8f51b6cbe1124
1009775259,jean65@gmail.com,12b0050183c01e977b9aaae64aae3f1d,cfa17c2b52affd4609b1c90d76d5a72a,3bed47337f93295c77c0871878b44e66
1009775260,jean66@gmail.com,12b0050183c01e977b9aaae64aae3f1d,bfa7580a2fa8ec8a2ceb8e337c688a45,86035d5d71bf74e437ef65564a1d0993
1009775261,jean67@gmail.com,12b0050183c01e977b9aaae64aae3f1d,ceba53d96014bbbf2866b8c9ed086067,8620cec5852acabe9aef024e93115ce3
1009775262,jean68@gmail.com,12b0050183c01e977b9aaae64aae3f1d,cec02140a5ab3ddd7132e71e58a6413e,c46ae179589ad48af3417acac6def469
1009775263,jean69@gmail.com,12b0050183c01e977b9aaae64aae3f1d,a0f64a0d43c42df6744db698a1a6a208,b4e4683ba93f01ae25a749354e5ecaf1
1009775264,jean70@gmail.com,12b0050183c01e977b9aaae64aae3f1d,2f4af6290fbe91c4914b848cfae24e7e,be27b6416470a320f2fd4468bb9c7b2d
1009775265,jean71@gmail.com,12b0050183c01e977b9aaae64aae3f1d,9ce1a284841353c5a2cee0aad2e6c880,27a2d0c5878f1f6977d415282bd79201
1009775266,jean72@gmail.com,12b0050183c01e977b9aaae64aae3f1d,a4a65d2a7dbae070f73b5f21240a4a59,c84f529235ad5970ec2207829454fdc5
1009775267,jean73@gmail.com,12b0050183c01e977b9aaae64aae3f1d,895e04461ac2d0cb9cc33842f24dd9cf,93efcbfa7a26cb4fab5a42415c311702
1009775268,jean74@gmail.com,12b0050183c01e977b9aaae64aae3f1d,cd888bdbef033af31b6a16730e091d28,bfcd63ebe339fd6f52ff598174aeca2b
1009775269,jean75@gmail.com,12b0050183c01e977b9aaae64aae3f1d,d7f455172f3293268f6496ac33b30756,0827172ffd41fe99e28712c751130920
1009775270,jean76@gmail.com,12b0050183c01e977b9aaae64aae3f1d,9affe570dc0d791a479c310fd8a5039f,86c0b4247c9f021ac87317e3f791dd64
1009775271,jean77@gmail.com,12b0050183c01e977b9aaae64aae3f1d,2c4c981ed3b41c267935075566977458,801d5530d8a3fc1e4385c8fd0dcbb0d0
1009775272,jean78@gmail.com,12b0050183c01e977b9aaae64aae3f1d,2e9a8aee34892661e8620aa6a626e87d,b24f2714965d53a0d0a0906d749ab524
1009775273,jean79@gmail.com,12b0050183c01e977b9aaae64aae3f1d,940b82b0e4d85dd49c4a31fdf8f81cd5,e5cccaa4d4ddb2750e61bc6c42f27265
1009775274,jean80@gmail.com,12b0050183c01e977b9aaae64aae3f1d,c1e70bc41606681a0b9d1e4dd0ee20ad,7845baa5a54c3c389787d63c49e57a03
1009775275,jean81@gmail.com,12b0050183c01e977b9aaae64aae3f1d,c2dce198df9b13d0d27d49cda17f251b,2446b5ac6f005ba09c1fcbb00096b634
1009775276,jean82@gmail.com,12b0050183c01e977b9aaae64aae3f1d,6f5b10efdfaf48206dba5cea9d30e31c,37f0bf883e5a7f2091a6a1fc6990648c
1009775277,jean83@gmail.com,12b0050183c01e977b9aaae64aae3f1d,c74dd58d684434c6e76101ef1925618f,e8ab2d8bfab3a6d386c6836786cbb96b
1009775278,jean84@gmail.com,12b0050183c01e977b9aaae64aae3f1d,230642defcdae5034ecb7132d08f9919,e785d9410523ff16e3f8abefb87a5f9b
1009775279,jean85@gmail.com,12b0050183c01e977b9aaae64aae3f1d,03d40be166e3b5f0e3ead431b1c93b26,a28d56245c163e8ff33b0c67597fde21
1009775280,jean86@gmail.com,12b0050183c01e977b9aaae64aae3f1d,bebb98f59432196ce065ed14f481b162,fcdd79398c8ab021b5dd66d9a48b5f26
1009775281,jean87@gmail.com,12b0050183c01e977b9aaae64aae3f1d,f45aba6aac0fd4bae7663ef14db950c3,93229490e786936e33963e988f514d4a
1009775282,jean88@gmail.com,12b0050183c01e977b9aaae64aae3f1d,77e3b636891c13b59b4ed1caf77d521e,63b3d3c31a5a02d766e4d6ef08bbacb2
1009775283,jean89@gmail.com,12b0050183c01e977b9aaae64aae3f1d,29b7110282695e12b40bbf5242bac3b1,f8ee8609179fc9cf6359d5e2a899388d
1009775284,jean90@gmail.com,12b0050183c01e977b9aaae64aae3f1d,5be6bd90cdc8cfb19b23304652ed548b,b45b90156bb538a58b15fb124ee83588
1009775285,jean91@gmail.com,12b0050183c01e977b9aaae64aae3f1d,db49ed5e7320fad419b92528f9a363dc,21912995256dc3f7db9d379d871e3c3f
1009775286,jean92@gmail.com,12b0050183c01e977b9aaae64aae3f1d,934ba37a5b8cf84bbaeb0371829e4ec2,8978246201a5f3ace5635eeb00449362
1009775287,jean93@gmail.com,12b0050183c01e977b9aaae64aae3f1d,5297b97fe7d6b79f09184a9485cc46d1,0905f8279ebd86fe022ba992886b42b0
1009775288,jean94@gmail.com,12b0050183c01e977b9aaae64aae3f1d,90de5d32dd0ebd670dfabc1c9a0caa2f,2c87eba787af726c8849c07045316958
1009775289,jean95@gmail.com,12b0050183c01e977b9aaae64aae3f1d,03807f787186af69351b98cbed54759c,ca22e24f2e2a11f2b5c1ab1822329f50
1009775290,jean96@gmail.com,12b0050183c01e977b9aaae64aae3f1d,1bf8df7ef61a6f849ebe0d39b81580a6,4026f4356bf9924a4ab197c9cf9ec1a8
1009775291,jean97@gmail.com,12b0050183c01e977b9aaae64aae3f1d,666279d09d0f140ab293c4f24457b3b5,2b0e8fde371fbcf8d784e9208f4de477
1009775292,jean98@gmail.com,12b0050183c01e977b9aaae64aae3f1d,59eedeb101961f03331fdde5741f1679,726722db8e4edfa4bc8f1bd92d6e9281
1009775293,jean99@gmail.com,12b0050183c01e977b9aaae64aae3f1d,02f2587a42750613c3e6bf57b53ad3d9,50699ba9fa21f0007b401903c1915cef
1009775294,jean100@gmail.com,12b0050183c01e977b9aaae64aae3f1d,fe0d263df6bc7f38b15c9fb756ba268b,c4cbb7e2a4c573218833d38c28208f10
1009775295,jean101@gmail.com,12b0050183c01e977b9aaae64aae3f1d,12e6d6a190b86c9947611a36e0030d08,4d4f6437ea13ac03c8dc8e9e783c8475
1009775296,jean102@gmail.com,12b0050183c01e977b9aaae64aae3f1d,c1646d3dbc3027be2b66ee5303962388,9e188e913841766af6fd1c1085a89a63
1009775297,jean103@gmail.com,12b0050183c01e977b9aaae64aae3f1d,7f771820d4d5881ea49731ff061352fa,28b4fb5e03a581b903b5b43fe0994302
1009775298,jean104@gmail.com,12b0050183c01e977b9aaae64aae3f1d,511ed78075672e1067361250a5e7e0b1,c9af1ae22bb35401c8d37a0117a4b85d
1009775299,jean105@gmail.com,12b0050183c01e977b9aaae64aae3f1d,cbaec244b8e1014f71ac49a25f28f8f6,329234e33bf15a1b4d8093a97ca7087b
1009775300,jean106@gmail.com,12b0050183c01e977b9aaae64aae3f1d,a3c72987c608c390efe3f874c259f6c5,9360de2d7479b086ae7754f00507d3d6
1009775301,jean107@gmail.com,12b0050183c01e977b9aaae64aae3f1d,75d69078adca30012666fe004831f0d4,73668f23cbe8490a21baaa8f41211fa9
1009775302,jean108@gmail.com,12b0050183c01e977b9aaae64aae3f1d,d8c9a1c6b704ee06a8564dd7844d766c,d28686380191a576b0fbf9485863305b
1009775303,jean109@gmail.com,12b0050183c01e977b9aaae64aae3f1d,cd8f38eac32dbe933ecaa49c875642dd,112d5836dcd85922d14d7b4c9801535a
1009775304,jean110@gmail.com,12b0050183c01e977b9aaae64aae3f1d,4fd1ae0566b90d1a31290da572894463,a800f7948c348762cfd7fcb24cbea680
1009775305,jean111@gmail.com,12b0050183c01e977b9aaae64aae3f1d,260e15b10684a7abbb816d6ce2911a70,b1ce2235526814c7afb0d8c3eff82083
1009775306,jean112@gmail.com,12b0050183c01e977b9aaae64aae3f1d,82c8402a0c158161b944487dc7f3ed75,5654d6d0c58b272df46f7f979575b01b
1009775307,jean113@gmail.com,12b0050183c01e977b9aaae64aae3f1d,fb0acf864e55a2c7c93fb4db882c63b6,5146dfb351411061b8c59f4d35efb1b9
1009775308,jean114@gmail.com,12b0050183c01e977b9aaae64aae3f1d,c304b1e3e18a3aa43ea9d8618ac72830,6dadd1a5784eb05f7b7232488ff64c33
1009775309,jean115@gmail.com,12b0050183c01e977b9aaae64aae3f1d,05d2475c834256d38e744475d5bb12bb,25912a0cad589d56de916d230ca8f34c
1009775310,jean116@gmail.com,12b0050183c01e977b9aaae64aae3f1d,666cd11b50c0c3d3d8cf88736b1869ff,eaf5f8f073b12cda66902fd8d64567c4
1009775311,jean117@gmail.com,12b0050183c01e977b9aaae64aae3f1d,2932090650a4f030bdd62e0233f7ad63,173a2eb780cd668dde086100ab3a2552
1009775312,jean118@gmail.com,12b0050183c01e977b9aaae64aae3f1d,58ab178ad3a63a47c66eda1dd7ecfeee,4b5719a871af7851597f598d7fadbba0
1009775313,jean119@gmail.com,12b0050183c01e977b9aaae64aae3f1d,0bf07210aa7845e1623b580b59d5c3a0,53e8a41643d2bc9f0e73b524cfbd1c6b
1009775314,jean120@gmail.com,12b0050183c01e977b9aaae64aae3f1d,0bf79b9b3a9f39c9a7f4645be320fdc2,ae412b155891dc214015cdc20596e9a4
1009775315,jean121@gmail.com,12b0050183c01e977b9aaae64aae3f1d,e83058df62b43eed4f2d714cfa2d83cc,74fa0abb2ed9f0bfcf420c65f96abdcd
1009775316,jean122@gmail.com,12b0050183c01e977b9aaae64aae3f1d,b9c26e0d9efa97ace089cdeb87a9973e,4370ca398f5cbb7a65030e68f50ff4c3
1009775317,jean123@gmail.com,12b0050183c01e977b9aaae64aae3f1d,5563216930a8d3eb12c32682dd1e1da2,8ac7d2473844bbd558cb334bc86c2f04
1009775318,jean124@gmail.com,12b0050183c01e977b9aaae64aae3f1d,e44f5e9af294728dcfedf3b0a31827a6,9ef4c2d9748807c91c8d06056c19c704
1009775319,jean125@gmail.com,12b0050183c01e977b9aaae64aae3f1d,42054ec900bf95a2ec67ff4e7d0433fc,27944b9b58766f732fe4141fc66ad9cc
1009775320,jean126@gmail.com,12b0050183c01e977b9aaae64aae3f1d,63918f28c781a6872d253ecf41128937,425766ef27b60c43e36f2076fe72d54e
1009775321,jean127@gmail.com,12b0050183c01e977b9aaae64aae3f1d,7bc661dc19876156e95323bf55132f11,a9406151c2b9a5d44f0f2d28f3bcf350
1009775322,jean128@gmail.com,12b0050183c01e977b9aaae64aae3f1d,ea96a15768ea2651fa8ace77298a3cd7,aafb554712c7877d6d61afab7e56266a
1009775323,jean129@gmail.com,12b0050183c01e977b9aaae64aae3f1d,a2965864bb5d49018609232b8c011ebb,fce975ed44f7bdef2fa38e30da66872f
1009775324,jean130@gmail.com,12b0050183c01e977b9aaae64aae3f1d,f058346380cd769d50f082226d07ad6e,4e0fc02895a73ca08e28777aab1563db
1009775325,jean131@gmail.com,12b0050183c01e977b9aaae64aae3f1d,833b8d0f7a9f05d6915a755aa3600a4f,c12a20c65be0f7de506616cd9f7c1d82
1009775326,jean132@gmail.com,12b0050183c01e977b9aaae64aae3f1d,95602b33d1550da7bc6295e3044e9882,0e7262a33d7a6248366c5ab0f488c1bd
1009775327,jean133@gmail.com,12b0050183c01e977b9aaae64aae3f1d,7a5689876e6419a8e09369e3153b6713,9d7fcf1ef8de0b16d3f6baafe6fc7f5a
1009775328,jean134@gmail.com,12b0050183c01e977b9aaae64aae3f1d,c15e573397a576d1568a3f55028ffae2,ee3081ac77874edbc3f966e2e00f41b4
1009775329,jean135@gmail.com,12b0050183c01e977b9aaae64aae3f1d,80a6420afce95371c2c59418a1e31d3c,10435b37e66a7e3560feb058881f1201
1009775330,jean136@gmail.com,12b0050183c01e977b9aaae64aae3f1d,63b8f0ffd3cada799fd2913b48b634d1,4d3735cd1202d522c49deb8990649a51
1009775331,jean137@gmail.com,12b0050183c01e977b9aaae64aae3f1d,111b2e12f14f2f94c0f55bdd7ae24f08,087c538853da5f2052635a65c4a278e8
1009775332,jean138@gmail.com,12b0050183c01e977b9aaae64aae3f1d,6e2564841b20fd3b425d8e620ad5968f,d4199f9bf4fd05a7202a364b12dd8016
1009775333,jean139@gmail.com,12b0050183c01e977b9aaae64aae3f1d,cd3c18d46e3e2ebf51667bcca1c52c5c,aaba62c2dca2ec9d925f851fb0484adb
1009775334,jean140@gmail.com,12b0050183c01e977b9aaae64aae3f1d,3ca5f493ff0ae92aacf977be579f0819,4cb12e24fa0dbfb9d2edafe0b12e9e8c
1009775335,jean141@gmail.com,12b0050183c01e977b9aaae64aae3f1d,48d3b43df5b789df703c195bfa99792c,9a2aa9b18bd32bf7bf946253936f3aba
1009775336,jean142@gmail.com,12b0050183c01e977b9aaae64aae3f1d,5bca2c4525cc81fae96dc570572aac5f,1b8823663773f17f7d76df77748f7ecf
1009775337,jean143@gmail.com,12b0050183c01e977b9aaae64aae3f1d,f81b725a649f13506a12f018b4a3c66c,1f0113b1882164a945ddfa5a9f1a4e02
1009775338,jean144@gmail.com,12b0050183c01e977b9aaae64aae3f1d,38a33193b4599aeef90ec11bf6aca93f,6324e474f27cfe6980bb074e70d405cf
1009775339,jean145@gmail.com,12b0050183c01e977b9aaae64aae3f1d,a7bb56527ba70d5229b53879a851bf70,69e739d9e832f1e31e3feaf2500f6413
1009775340,jean146@gmail.com,12b0050183c01e977b9aaae64aae3f1d,6ab2acad97989375111190e98f44bfb0,4a1a9a6330eb44fb9f0cbb558b5dafef
1009775341,jean147@gmail.com,12b0050183c01e977b9aaae64aae3f1d,35737a1cb33f258ee25a7fe3e5c03363,73601b112722a98e35633a6c96e0c97b
1009775342,jean148@gmail.com,12b0050183c01e977b9aaae64aae3f1d,8ee7dd10cff77c20c1041e04ce2dfde6,1a2c1403450c4f89e8c037058d063a77
1009775343,jean149@gmail.com,12b0050183c01e977b9aaae64aae3f1d,a97e8676c71e63a0e22c241038687150,66d5b76e633df89cb0810eca1099e1d0
1009775344,jean150@gmail.com,12b0050183c01e977b9aaae64aae3f1d,f859fe9cfc56fbe8100aa4a313cfa41a,e4a0d70859eea48d030145c8da44ad85
1009775345,jean151@gmail.com,12b0050183c01e977b9aaae64aae3f1d,93f5b3a50f2584a35f61576ba059fd7e,ef45c11bc30dcedb1d12174257de94f3
1009775346,jean152@gmail.com,12b0050183c01e977b9aaae64aae3f1d,00ca111bf002e17bb72ef75fb9105f3b,3ac8741140ad6648ad8a5adea33d7c62
1009775347,jean153@gmail.com,12b0050183c01e977b9aaae64aae3f1d,24ba16b4fbd775942d379eaeadb6bb22,505aa13e4927616197b7f510a88c375f
1009775348,jean154@gmail.com,12b0050183c01e977b9aaae64aae3f1d,08871d40d980a7dd788d24d8a3eb2063,e03b8cfcf7d579605d7e79f967aa1b83
1009775349,jean155@gmail.com,12b0050183c01e977b9aaae64aae3f1d,7a6f646aee36afe70a21429d1071cc0c,ac3db7c514ada30f3280dcef2f79b8e5
1009775350,jean156@gmail.com,12b0050183c01e977b9aaae64aae3f1d,cf55bc31ea110ec5de4f761a9cf38810,3db37ccd011d017600568b691ef6f157
1009775351,jean157@gmail.com,12b0050183c01e977b9aaae64aae3f1d,d22cdbf90a3e670f1e9542a3c77580a2,0051d311e905c3aac9937a8d72398528
1009775352,jean158@gmail.com,12b0050183c01e977b9aaae64aae3f1d,122b722860e7c5d762dc9f1bfad0eeae,a5344f1d7f13e95948ae48578d96a6c8
1009775353,jean159@gmail.com,12b0050183c01e977b9aaae64aae3f1d,8b243bcb77923b94b6c7802ed1ff96c3,22abbfd39d4bd2294ffc71d8e70d9b83
1009775354,jean160@gmail.com,12b0050183c01e977b9aaae64aae3f1d,b5cbbc95f020da5437ebc3665f7e10be,d81eed03a39c863acf2fe44958ec65b5
1009775355,jean161@gmail.com,12b0050183c01e977b9aaae64aae3f1d,8938128bdd16c0f997745f3c986b6916,8c4cd35057dc31f242e6d8aef4672e21
1009775356,jean162@gmail.com,12b0050183c01e977b9aaae64aae3f1d,38ae38e123d5ce0e123f92c786a6db8a,a4a73a4367125238cc34ce427b497632
1009775357,jean163@gmail.com,12b0050183c01e977b9aaae64aae3f1d,6a2d3c66f14868787c782c045320a265,f13a7ca3de3298af70adf16cf4c36a9e
1009775358,jean164@gmail.com,12b0050183c01e977b9aaae64aae3f1d,b06d4c51dd3234de27fe98ab93b4febf,200aa3e551f2f089caa6adffc8f00562
1009775359,jean165@gmail.com,12b0050183c01e977b9aaae64aae3f1d,d0e1c3255831ad929512196d39f510f5,66ca36196eaf1a912da7f8b0a2cf162d
1009775360,jean166@gmail.com,12b0050183c01e977b9aaae64aae3f1d,f5283c603bf67c9c1e5ba9cb29c082ff,9b2e4fdd8b5aea344efcc693be9d458f
1009775361,jean167@gmail.com,12b0050183c01e977b9aaae64aae3f1d,a48003b40b765edc46f89446aa187e4e,2e9c8f837b45c2d12ab16ac00baf5751
1009775362,jean168@gmail.com,12b0050183c01e977b9aaae64aae3f1d,2c6cf4c362b430f262a00919e0686b0b,da6a8ea41ceb2d27c26c45b35af62fcf
1009775363,jean169@gmail.com,12b0050183c01e977b9aaae64aae3f1d,3e237d7a7d5fe7abed4539db3cf6cb99,fbb61a0b0c0f8e64ba838a4865de18a6
1009775364,jean170@gmail.com,12b0050183c01e977b9aaae64aae3f1d,879abbf9e95ae769a55849e087d727c2,8792946e2231a03484ce68e62a32ee19
1009775365,jean171@gmail.com,12b0050183c01e977b9aaae64aae3f1d,5c7a1c91a0a762d207e5cdf0524684e5,212911d3574b16c27114ca5b36f8b27e
1009775366,jean172@gmail.com,12b0050183c01e977b9aaae64aae3f1d,3f37c79c1edd3d705132f84d71dd8499,fcc3015d5093af2d63d6cad9eb373c4e
1009775367,jean173@gmail.com,12b0050183c01e977b9aaae64aae3f1d,2777f5df10ada0db971ee032ba574463,aae947125644a6ffc7f6e9968107a035
1009775368,jean174@gmail.com,12b0050183c01e977b9aaae64aae3f1d,aed59e53fbb2ecfcdf7f9b1fda29583c,49af47f214fa4cd82ec4ac1ac54acd52
1009775369,jean175@gmail.com,12b0050183c01e977b9aaae64aae3f1d,7093c6cb72e2918a535ff54c4ef2f993,a1bd07d4637c335f0ec1d083131b8ac4
1009775370,jean176@gmail.com,12b0050183c01e977b9aaae64aae3f1d,4051c1bc6b5700c9cf0ee2c49861b568,aabc194fea17b6b7d92dff0d5913d0dd
1009775371,jean177@gmail.com,12b0050183c01e977b9aaae64aae3f1d,036cff199f7a960e70afdea702ac9670,28ffa4641e958e2ef5d13f04ec9b0702
1009775372,jean178@gmail.com,12b0050183c01e977b9aaae64aae3f1d,987bd6f2afd4e7dc3ad3380acf1f3617,de87fc68ee94df688f79fed1359bf364
1009775373,jean179@gmail.com,12b0050183c01e977b9aaae64aae3f1d,08a9ab0a45988b7717115d6a55fc2a18,3626178d689a61232104d16e9706bce2
1009775374,jean180@gmail.com,12b0050183c01e977b9aaae64aae3f1d,88d80ed1dc3d3f86c3a65c15fdf31ac1,0a414d0acaf374311786d93ab90ff53e
1009775375,jean181@gmail.com,12b0050183c01e977b9aaae64aae3f1d,e9539c967bc43a0347d5062927532312,207986d7bf1f45097827acf5cde93b21
1009775376,jean182@gmail.com,12b0050183c01e977b9aaae64aae3f1d,229c3f98b128fb744288f627fbf3b876,3d0976851f54eceaa39bcd4679882e26
1009775377,jean183@gmail.com,12b0050183c01e977b9aaae64aae3f1d,0afcceb32f951d2d5fbb7a6e9f43070a,20c2d95f09dadb2253e00274754a5e90
1009775378,jean184@gmail.com,12b0050183c01e977b9aaae64aae3f1d,99ac8d640b5c3376334519b70a098abe,4b50fddc2e7e82aa5aa961a753cd8df2
1009775379,jean185@gmail.com,12b0050183c01e977b9aaae64aae3f1d,68be77ab3535edcfabb8372085c5f64f,cce90e3072249aaebe2ecf684281666c
1009775380,jean186@gmail.com,12b0050183c01e977b9aaae64aae3f1d,2097773fd703b9b6ab40385f570c55bc,11614b122633b65baf993241c3fe3d57
1009775381,jean187@gmail.com,12b0050183c01e977b9aaae64aae3f1d,c0cce94e993e509b97de70f815ce6ff6,824acf09811a5e7bc54da72b43604203
1009775382,jean188@gmail.com,12b0050183c01e977b9aaae64aae3f1d,0057af9e886f77f365a04992a9fb92c8,b6c1635ee763c55c06d50fdceb674d0e
1009775383,jean189@gmail.com,12b0050183c01e977b9aaae64aae3f1d,a6b45d8169a5c5b3fc983e4f484f992f,bf44ba7496ec676a44c13b9df347a443
1009775384,jean190@gmail.com,12b0050183c01e977b9aaae64aae3f1d,a5a81cc6fb641490e67e65eb5fc7840a,4899e2c9de51eccfcd8add1523f9ddfe
1009775385,jean191@gmail.com,12b0050183c01e977b9aaae64aae3f1d,8afa51be7f22e7f1eb6ee37ec22875f7,c6d63ba6ea8db51de60de9eb7282140e
1009775386,jean192@gmail.com,12b0050183c01e977b9aaae64aae3f1d,bdebbdea3bdd2cdb35fa83e817d18d3e,1c89f17cf6aea73d018c63370c6bdbfc
1009775387,jean193@gmail.com,12b0050183c01e977b9aaae64aae3f1d,60198bada56c07a0f57f43e5553a67e5,d8341c9cd0a67868ebfe51864852bdf1
1009775388,jean194@gmail.com,12b0050183c01e977b9aaae64aae3f1d,f68a10c0ad33d976d0147f37fba896de,b50e5195ec85ac74cf9391e1fb613263
1009775389,jean195@gmail.com,12b0050183c01e977b9aaae64aae3f1d,c0e44c0bfcef4fa3dbf8baa3f022023d,b9efec632594fe871702f523d826548a
1009775390,jean196@gmail.com,12b0050183c01e977b9aaae64aae3f1d,25fbe33108cb3c5999ee2bea28584d3d,e8f2ebbf34fb90aaca798a14d6d295d4
1009775391,jean197@gmail.com,12b0050183c01e977b9aaae64aae3f1d,b6fe98ac9af63e1706b2640de1b1e536,6ed774e3b6889c297345ac088829f1fa
1009775392,jean198@gmail.com,12b0050183c01e977b9aaae64aae3f1d,8906fd8a40db78b5dec709744d0a9df7,31ea90d18bc7266aa5593c4bb83fdf19
1009775393,jean199@gmail.com,12b0050183c01e977b9aaae64aae3f1d,2d21a9f92117c0d46742c740dafd7b4f,34fb33ab811a42cfae1598db7df835b3
1009775394,jean200@gmail.com,12b0050183c01e977b9aaae64aae3f1d,95bd05518a6b2b10482d24bd84137a26,c16862eb43feab4803a9bac1687162ca